QType,question,Q_1,Q_2,Q_3,Q_4,Q_5,Answers
2,"A ""best practice"" jellegű üzleti folyamatok az egyes területek legjobb üzleti gyakorlatának megfelelő folyamatokat jelentik.",igaz,hamis,,,,1 0
2,"A ""best practice"" jellegű üzleti folyamatok nem az egyes területek legjobb üzleti gyakorlatának megfelelő folyamatokat jelentik.",igaz,hamis,,,,0 1
2,A DRP feladata a kiesett erőforrások visszaállításának biztosítása.,igaz,hamis,,,,1 0
2,A DRP feladata a kiesett erőforrások nélküli funkcionális működés biztosítása.,igaz,hamis,,,,0 1
2,"A BCP jelentése kiesett erőforrás visszaállítása, míg a DRP jelentése a kiesett erőforrások nélküli funkcionális működés.",igaz,hamis,,,,0 1
2,A BOM-ban backflush hatására változik-e a készletszint?,igaz,hamis,,,,1 0
2,A DSS-rendszerek a döntési folyamat informatikai támogatását szolgáló rendszerek.,igaz,hamis,,,,1 0
2,A DSS-rendszerek nem a döntési folyamat informatikai támogatását szolgáló rendszerek.,igaz,hamis,,,,0 1
2,A Garbage in garbage out hatásnak nincsen nagy jelentősége hibás adatkezelés esetén.,igaz,hamis,,,,0 1
2,"A garbage in garbage out jelentése, hogy rossz adatokból csak rossz adatok nyerhetőek ki",igaz,hamis,,,,1 0
2,A HANA repository a futásidejű adatbázis objektumokattárolja.,igaz,hamis,,,,0 1
2,Egy HANA adatbázis alapvetően OLAP igényekkiszolgálására alkalmas,igaz,hamis,,,,1 0
2,Egy HANA adatbázisban az adatok karbantartása (pl.: újrekord felvitele) technológiai szempontból a delta bufferekenkeresztül valósul meg.,igaz,hamis,,,,1 0
2,"HANA környezetben a delivery unitok szolgálnak a különbözőrendszerek (fejlesztői teszt, produktyv) közötti transzporthoz.",igaz,hamis,,,,1 0
2,A MOLAP (Multidimensional OLAP) rendszerek az adatok tárolására a multidimenziós adatmodellt használják.,igaz,hamis,,,,1 0
2,A Máv-Start által fejlesztett Elvira elnevezésű menetrend rendszer egy információs rendszer.,igaz,hamis,,,,1 0
2,A PaaS alkalmazás szolgáltatást jelent.,igaz,hamis,,,,0 1
2,A PaaS platform szolgáltatást jelent.,igaz,hamis,,,,1 0
2,"A ""PaaS"" jelentése szoftverszolgáltatás.",igaz,hamis,,,,0 1
2,A SAP NetWeaver egy átfogó integrációs és alkalmazási platform,igaz,hamis,,,,1 0
2,A beszerzési információ rekordok (purchasing info records) az egyes anyagokkal kapcsolatos meghatározott szállítókra vonatkozó beszerzési adatokat tartalmazzák.,igaz,hamis,,,,1 0
2,A beszerzési információs rekordok (purchase info records) az egyes anyagokkal kapcsolatos meghatározott szállítókra vonatkozó beszerzési adatait tartalmazzák.,igaz,hamis,,,,1 0
2,A beszerzési információs rekordok (purchasing info records) a darabjegyzék (BOM) és a műveleti jegyzék (routing) megfelelő elemeit kapcsolja össze a beszerzés vonatkozásában.,igaz,hamis,,,,0 1
2,"A beszerzési információs rekordok (purchasing info records) megmutatják, hogy hogyan lehet összekötni a szállítót a vállalattal. Megmutatja, hogy az adott szállító milyen anyagot tud szállítani, megmutatja, hogy milyen kedvezményeket kaphat a szállító, illetve feljegyzéseket készíthetünk.",igaz,hamis,,,,1 0
2,"A centralizáció: biztosítja az egységes vezetői akarat érvényesítését, az erőforrások racionális hasznosítását.",igaz,hamis,,,,1 0
2,"A centralizált hatáskörök leadása előnyös a munkavállalói elégedettség, a kreativitás és az elkötelezettség növelése.",igaz,hamis,,,,0 1
2,A darabjegyzék (Bill of material) létrehozása és karbantartása többszintű darabjegyzék formájában is történhet.,igaz,hamis,,,,1 0
2,A darabjegyzék (bill of material) létrehozása és karbantartása csak egyszintű darabjegyzék (single-level BOM) formájában történhet.,igaz,hamis,,,,0 1
2,A darabjegyzék (bill of material) létrehozása és karbantartásatöbbszintű darabjegyzék (multi-level BOM) formájában istörténhet.,igaz,hamis,,,,0 1
2,A diszpozíció (MRP) futás eredménye lehet egy tervrendelés(planned order).,igaz,hamis,,,,1 0
2,"A diszpozíció az SAP-rendszerben az anyagok rendelkezésreállásának biztosítását, az anyagszükséglet tervezését jelenti.",igaz,hamis,,,,1 0
2,"A dobozos üzleti alkalmazások olyan szoftvertermékek, amelynek telepítőkészletét a vállalatok CD, DVD vagy Blu-ray lemezek formájában vásárolhatnak meg.",igaz,hamis,,,,0 1
2,A dokumentummenedzsment- és vállalati tartalom kezelő rendszerek azonos funkcionalitással bírnak.,igaz,hamis,,,,0 1
2,A dokumentummenedzsment- és vállalati tartalom kezelő rendszerek nem azonos funkcionalitással bírnak.,igaz,hamis,,,,1 0
2,A döntéshozatali hierarchia és információ igény szerint a operatív vezetés problémaszerkezet jól strukturált.,igaz,hamis,,,,1 0
2,A döntéshozatali hierarchia és információ igény szerint a stratégiai vezetők problémaszerkezet közepesen struktúrált.,igaz,hamis,,,,0 1
2,A döntéshozatali hierarchia és információ igény szerint a taktikai vezetés problémaszerkezet közepesen strukturált.,igaz,hamis,,,,1 0
2,A döntéstámogató rendszerek a stratégiai döntéshozatalhoz kapcsolódó igényeket elégítik ki.,igaz,hamis,,,,1 0
2,"A döntéstámogató rendszerek, vállalati műveleteket támogató rendszerek.",igaz,hamis,,,,0 1
2,A döntéstámogató rendszerekben a teljesítménynövelés egyik praktikus módja az adatredukció.,igaz,hamis,,,,1 0
2,A felhasználás vezérelt diszpozíció (consumption-based planning) típusú eljárások alapvetően az anyag múltbéli fogyasztásán alapulnak.,igaz,hamis,,,,1 0
2,"A felhasználóval való kapcsolattartás alapján megkülönböztethetők passzív, aktív és kooperatív döntéstámogató rendszerek.",igaz,hamis,,,,1 0
2,A felhő szolgáltatásokra általánosságban jellemző a különféle virtualizált erőforrások használata.,igaz,hamis,,,,1 0
2,"A felhőalapú szolgáltatás egy olyan számítógépes erőforrás-hozzáférési modell, amely a hálózaton keresztül a különféle típusú, közös használatú erőforráshalmazokat konfigurálható módon tesz elérhetővé a felhasználók számára.",igaz,hamis,,,,1 0
2,"A felhőalapú szolgáltatás nem egy olyan számítógépes erőforrás-hozzáférési modell, amely a hálózaton keresztül különféle típusú, közös használatú erőforráshalmazokat konfigurálható módon tesz elérhetővé a felhasználók számára.",igaz,hamis,,,,0 1
2,A felhőszolgáltatások igénybevétele vállalati környezetben egy szolgáltatáskiszervezési formának tekinthető.,igaz,hamis,,,,1 0
2,A felhőszolgáltatásokra nem jellemző a különféle virtualizált erőforrások használata.,igaz,hamis,,,,0 1
2,A felhőszolgáltatásokra általánosságban jellemző a különféle virtualizált erőforrások használata.,igaz,hamis,,,,1 0
2,A gamification a játékkonzolok esetében alkalmazott ember-gép interakciók PC-s környezetbe történő adoptálását jelenti.,igaz,hamis,,,,0 1
2,A gamification a konzolról PC-re történő ember-gép reakciók adoptálását jelenti.,igaz,hamis,,,,0 1
2,A gamification játéktervezési elemek használatát jelenti játékos környezetben.,igaz,hamis,,,,0 1
2,A gamification játéktervezési elemek használatát jelenti nem-játékos környezetben.,igaz,hamis,,,,1 0
2,A gamification megközelítésnek pszichológiai vonatkozásai is vannak.,igaz,hamis,,,,1 0
2,A gamification megközelítésének nincsenek pszichológiai vonatkozásai,igaz,hamis,,,,0 1
2,A gamification nem a játékkonzolok esetében alkalmazott ember-gép interakciók PC-s környezetbe történő adoptálását jelenti.,igaz,hamis,,,,1 0
2,A gyártási megrendelés visszavonhatatlan.,igaz,hamis,,,,0 1
2,A gyártási megrendelés visszavonható.,igaz,hamis,,,,1 0
2,A hazai informatikai hálózat váltóáramról megy.,igaz,hamis,,,,1 0
2,A hiba kiszűrés ráfordítás igény és a pontosság között egyenes arányosság van.,igaz,hamis,,,,1 0
2,A háromrétegű architektúrájú vállalati információs rendszerek esetén az üzleti logika réteg feladata a felhasználóval való kapcsolattartás.,igaz,hamis,,,,0 1
2,A háromrétegű architektúrájú vállalati információs rendszerek esetén nem az üzleti logika réteg feladata a felhasználóval való kapcsolattartás.,igaz,hamis,,,,1 0
2,A háttérfeldolgozás beengedi a hibákat.,igaz,hamis,,,,1 0
2,"A karakteres adatfajtával a feldolgozási módjuk szerint semmiféle műveletet nem végezhetünk, adattartalommal nem összefüggő. (pl.: földrajzi nevek)",igaz,hamis,,,,1 0
2,A kevert szabály formai és tartalmi szabályok keverékei.,igaz,hamis,,,,1 0
2,A kiszállítási pontot (shipping point) üzemhez (plant) lehet rendelni,igaz,hamis,,,,1 0
2,"A kliens-szerver alapú rendszerekben a kommunikációt tipikusan a kliens kezdeményezi, a szervernek alaphelyzetben csupán várakozik a bejövő kérésre.",igaz,hamis,,,,1 0
2,"A kliens-szerver alapú rendszerekben a kommunikációt tipikusan a szerver kezdeményezi, a kliensek alaphelyzetben csupán várakozik a bejövő kérésre.",igaz,hamis,,,,0 1
2,A kliens-szerver modellben a szerver- és a kliensmodulok általában azonos számítógépekre kerülnek.,igaz,hamis,,,,0 1
2,A kliens-szerver modellben a szerver- és a kliensmodulok általában különböző számítógépekre kerülnek,igaz,hamis,,,,1 0
2,A komponens alapú rendszerek feketedoboz-jellegű (black box) újrafelhasználás lehetőségével rendelkeznek.,igaz,hamis,,,,1 0
2,A komponensalapú rendszerek feketedoboz-jellegű (black box) újrafelhasználás lehetőségével rendelkeznek.,igaz,hamis,,,,1 0
2,A komponensalapú rendszerek nem rendelkeznek feketedoboz-jellegű (black-box) újrafelhasználás lehetőséggel.,igaz,hamis,,,,0 1
2,"A kép adatfajtával a feldolgozási módjuk szerint lehetséges honvédelmi, felderítési, földrajzi, mezőgazdasági, környezetvédelmi, gyógyászati.",igaz,hamis,,,,1 0
2,A különböző diszpozíciós eljárások az SAP-rendszerben a különböző kontrolling eszközök alkalmazását definiálják.,igaz,hamis,,,,0 1
2,"A laza csatolásnak az az előnye, hogy az elemek önmagukban is működőképesek, így nem őrzik meg függetlenségüket.",igaz,hamis,,,,0 1
2,A lefúrás (drill-down) művelete megnöveli az egyik dimenzió felbontását.,igaz,hamis,,,,1 0
2,A legacy rendszerek jogi informatikai rendszerek.,igaz,hamis,,,,0 1
2,A legacy rendszerek rendszerint fontos szerepet játszanak az adott vállalkozások működésében.,igaz,hamis,,,,1 0
2,"A lineáris szervezeti forma egyszerű, jól áttekinthető, egyértelműek az alá fölé rendelési viszonyok",igaz,hamis,,,,1 0
2,"A lineáris szervezeti forma esetén magasak a költésgek, és sok az adminisztráció.",igaz,hamis,,,,0 1
2,"A lineáris-funkcionális szervezeti forma esetén, a törzskar kialakulásának célja a vezető túlterhetlségének csökkentése a szakmai színvonal növelése.",igaz,hamis,,,,1 0
2,"A magánfelhők jellemzője, hogy azok tulajdonosi szerkezete legalább több, mint 50%-ban magánkézben van.",igaz,hamis,,,,1 0
2,A matematikai szabályok közé soroljuk a konzisztencia ellenőrző szabályokat.,igaz,hamis,,,,1 0
2,A multidimenzionális adatmodellben a dimenziós adatok hierarchiába rendezhetők.,igaz,hamis,,,,1 0
2,A multidimenzionális adatmodellben a dimenziós adatok nem rendezhetők hierarchiába.,igaz,hamis,,,,0 1
2,A műveleti tervet (routing) mintának használják fel a gyártási vagy sorozatgyártási feladatoknál.,igaz,hamis,,,,1 0
2,"A nyilvános felhő Külső szolgáltató által üzemeltetett, szabadon elérhető szolgáltatás",igaz,hamis,,,,1 0
2,"A nyilvános felhő Külső szolgáltató által üzemeltetett, szabadon elérhető szolgáltatás.",igaz,hamis,,,,1 0
2,A nyilvános felhők esetében a szolgáltató az ügyfelek sokaságának kiszolgálását célozta.,igaz,hamis,,,,1 0
2,A nyilvános felhők esetében a szolgáltató nem az ügyfelek sokaságának kiszolgálását célozta.,igaz,hamis,,,,0 1
2,A pivot (rotate) során a forgatáskor a dimenziók száma nő.,igaz,hamis,,,,0 1
2,A rekordszintű hiba összefüggéseket sérthet.,igaz,hamis,,,,1 0
2,A relációs adatok indexelésével az adatelemzés hatékonysága romlik.,igaz,hamis,,,,0 1
2,A rendelési lista elkészültekor a pénzügyi bizonylat is létrejön.,igaz,hamis,,,,0 1
2,"A rendszer egymással összefüggésben levő részek (elemek) halmaza, amelyek egyetlen egészet alkotnak",igaz,hamis,,,,1 0
2,"A rendszer egymással összefüggésben levő részek (elemek) halmaza, amelyek egyetlen egészet alkotnak.",igaz,hamis,,,,1 0
2,A rendszer-architektúrák közötti fő koncepciós különbséget a centralizáltság mértéke adja.,igaz,hamis,,,,1 0
2,"A rétegek a feladatot jól definiált, kisebb modulokra bontják.",igaz,hamis,,,,1 0
2,"A szervezet alapveto struktúralis jellemzoi koze tartozik a technokratikus jellemzo, melybe beletartoznak a: szabalyok, szabalyzatok, eljarasok, tervek, programok, menetrendek, koltsegkeretek, penzugyi tervek, elszamolo arak.",igaz,hamis,,,,1 0
2,A szervezet alapvető strukturális jellemzői közül a strukturális és személyorientált eszközök a koordinációs eszközök közé tartozik.,igaz,hamis,,,,1 0
2,A szervezet alapvető strukturális jellemzői közül a technokratikus eszközök a kordinációs eszközök közé tartozik.,igaz,hamis,,,,1 0
2,A szervezet definíciója szerint az egyének a cél érdekében folyamatosan tevékenykednek.,igaz,hamis,,,,1 0
2,"A szervezetek kialakulását befolyásoló tagi jellemzők: tartósság, újdonságtartalom.",igaz,hamis,,,,0 1
2,"A szigetszerű alkalmazások a vállalati információs rendszerek területén az olyan vállalatirányítási rendszereket jelölik, amelyek nem rendelkeznek EDI (Electronic Data Interchange) komponenssel.",igaz,hamis,,,,0 1
2,"A szigetszerű alkalmazások a vállalati információs rendszerek területén nem az olyan vállalatirányítási rendszereket jelölik, amelyek rendelkeznek EDI (Electronic Data Interchange) komponenssel.",igaz,hamis,,,,1 0
2,"A szolgálat út biztosítja, hogy az utasítások lefelé minden egységet elérjenek.",igaz,hamis,,,,1 0
2,A szöveg adatfajtával a feldolgozási módjuk szerint szöveg feldolgozási célra használhatók.,igaz,hamis,,,,1 0
2,A tartalmi adatszabály matematikai szabály.,igaz,hamis,,,,0 1
2,A technológiai műveleti terv (routing) a termelési folyamat egyes műveleteit írja le.,igaz,hamis,,,,1 0
2,A terv rendelésből (planned order) gyártási megrendelés (production order) képezhető.,igaz,hamis,,,,1 0
2,"A transzformációs fázis az adatokat olyan közös alakra hozza, amely lehetővé teszi a döntéstámogató rendszerek lényegi feldolgozó algoritmusainak minél hatékonyabb futtatását.",igaz,hamis,,,,1 0
2,A tranzakció feldolgozó rendszerek részei az információs rendszereknek.,igaz,hamis,,,,1 0
2,"A tranzakciók alkalmazások, amelyek üzleti folyamatokatfuttatnak az SAP-ban.",igaz,hamis,,,,1 0
2,A tudásmenedzsment rendszerek a vállalatirányítási rendszerek egyik típusának tekinthetők.,igaz,hamis,,,,0 1
2,A tudásmenedzsment rendszerek az ERP-rendszerek egyik típusának tekinthetőek.,igaz,hamis,,,,0 1
2,A tudásmenedzsment rendszerek nem tekinthetőek a vállalatirányítási rendszerek egyik típusának,igaz,hamis,,,,1 0
2,A tudásmenedzsment rendszerek nem tekinthetőek a vállalatirányítási rendszerek egyik típusának.,igaz,hamis,,,,1 0
2,A tételnagyság meghatározásának módja (lot-sizing) a kontrolling szempontjából releváns az SAPrendszerben.,igaz,hamis,,,,1 0
2,A vastagkliens megoldásokra épülő vállalati információs rendszerek eseteként a folyamatos kapcsolat nélküli működés lehetőségét kínálják.,igaz,hamis,,,,1 0
2,A vevő-anyag információs rekordok (customer-material info records) vevőspecifikus kiegészítőinformációkat tartalmazhatnak egy anyagra vonatkozóan.,igaz,hamis,,,,1 0
2,A vállalat szempontjából információnak számít minden bizonytalanságot csökkentő új ismeret.,igaz,hamis,,,,1 0
2,A vállalati alkalmazásintegráció az adatintegritás megfelelőségéért felel.,igaz,hamis,,,,1 0
2,"A vállalati alkalmazások között megvalósított integráció jellemzői eltérnek aszerint, hogy azt melyik rétegben végzik el.",igaz,hamis,,,,1 0
2,A vállalati információs rendszerek esetében a hagyományos vastagkliens megoldások használata nem csak előnnyel rendelkezik a vékonykliens megoldásokkal szemben.,igaz,hamis,,,,1 0
2,A vállalati információs rendszerek esetében a hagyományos vastagkliens megoldások használata szinte csak előnnyel rendelkezik a vékonykliens megoldásokkal szemben.,igaz,hamis,,,,0 1
2,"A vállalati információs rendszerek esetében a vékonykliens megoldások használata számos előnnyel rendelkezik, a hagyományos vastagkliens megoldásokkal szemben.",igaz,hamis,,,,1 0
2,A vállalatirányitási rendszerek bimoduláris felépítésűek.,igaz,hamis,,,,0 1
2,"A vállalatirányítási rendszerek egyfajta tipikus, jól bevált (best practice) folyamatkezelést biztosítanak.",igaz,hamis,,,,1 0
2,A vállalatirányítási rendszerek moduláris felépítésűek,igaz,hamis,,,,1 0
2,A vállalatok az operatív működést képező feladatok kiszolgálása tipikusan döntéstámogató rendszereket alkalmaznak.,igaz,hamis,,,,0 1
2,A vállalatok az operatív működést képező feladatok kiszolgálása tipikusan nem tranzakciófeldolgozó rendszereket alkalmaznak.,igaz,hamis,,,,0 1
2,A vállalatok az operatív működést képező feladatok kiszolgálása tipikusan tranzakciófeldolgozó rendszereket alkalmaznak.,igaz,hamis,,,,1 0
2,"A vállalatok által használt üzleti alkalmazások nem érhetőek el felhőszolgáltatásként, csak a nem üzletiek.",igaz,hamis,,,,0 1
2,"A vékonykliens megoldásokra épülő vállalati információs rendszereknek nehézkesebb a telepítése, mint a vastagkliensre épülőknek.",igaz,hamis,,,,0 1
2,"Adatforrások közül két féle forrást különböztetünk meg: külső, és belső források.",igaz,hamis,,,,1 0
2,Adatminőség javításokat egy rendszerben csak algoritmikus úton végezhetünk,igaz,hamis,,,,1 0
2,"Adatnak nevezzük a számokkal leírható dolgokat, melyek számítástechnikai eszközökkel rögzíthetők, feldolgozhatók és megjeleníthetőek.",igaz,hamis,,,,1 0
2,Adatvédelmi szempontból az eljárásos ellenőrzés adatfeldolgozási szinten valósul meg.,igaz,hamis,,,,0 1
2,"Adatvédelmi szempontból az eljárásos ellenőrzés elősegíti a minőséget és csökkenti a csalás, illetve a hibák esélyét.",igaz,hamis,,,,1 0
2,Adatvédelmi szempontból az eszközös ellenőrzés fizikai védelemi szinten valósul meg.,igaz,hamis,,,,1 0
2,Adatvédelmi szempontból az rendszer szintű ellenőrzés adatfeldolgozási szinten valósul meg,igaz,hamis,,,,1 0
2,Az ABAP Workbench egy Microsoft NAV fejlesztésű platform.,igaz,hamis,,,,0 1
2,Az AVIR egy adattár alapú vezetői információs rendszer a magyar felsőoktatásban.,igaz,hamis,,,,1 0
2,Az AWS a google nyilványos számításfelhő-szolgáltatása.,igaz,hamis,,,,0 1
2,"Az Azure Cloud platform több mint 200 terméket és felhőalapú szolgáltatást foglal magába, amelynek célja, hogy segítsenek az új megoldások létrehozásában, melyekkel megfelelhet a mai kihívásoknak, és felkészülhet a jövőre. Alkalmazásokat fejleszthet, helyezhet üzembe és kezelhet akár a felhőben, akár a helyszínen vagy a peremhálózaton, és ehhez szabadon megválaszthatja saját eszközeit és keretrendszerét.",igaz,hamis,,,,1 0
2,Azure a google nyilvanos szolgáltatása.,igaz,hamis,,,,0 1
2,Az Azure a Microsoft nyilványos számításfelhő-szolgáltatása.,igaz,hamis,,,,1 0
2,Az Azure a SAP nyilvános számításfelhő-szolgáltatása.,igaz,hamis,,,,0 1
2,Az ERP-vel (integralt vallalatiranyitasi rendszerrel) szemben kovetelmeny a redundancia kizarasa.,igaz,hamis,,,,1 0
2,Az ERP-vel (integrált vállalatirányitási rendszerrel) szemben követelmény a jogosultágnak megfelelő hozzáférés.,igaz,hamis,,,,1 0
2,Az IaaS infrastruktúraszolgáltatást jelent.,igaz,hamis,,,,1 0
2,Az MRP típusú diszpozíciós eljárás alapvetően az anyag múltbéli fogyásán alapul.,igaz,hamis,,,,0 1
2,Az OLAP Online Analytical Processing jelent.,igaz,hamis,,,,1 0
2,"Az OLAP egy konkrét szoftver, programcsomag.",igaz,hamis,,,,0 1
2,Az OLAP felgörgetés (roll-up) művelete csökkenti az egyik dimenzió felbontását.,igaz,hamis,,,,1 0
2,"Az OLAP olyan adatfeldolgozó rendszerek közös elnevezése amelyek számos adattárolással, adatábrázolással és statisztikai feldolgozással kapcsolatos koncepciót magukba foglal.",igaz,hamis,,,,1 0
2,Az OLAP rendszerek jellemzően olvasásra vannak optimalizálva.,igaz,hamis,,,,1 0
2,Az OLAP-rendszerek jellemzően nem olvasásra vannak optimalizálva.,igaz,hamis,,,,0 1
2,Az OLAP-rendszerek jellemzően olvasásra vannak optimalizálva.,igaz,hamis,,,,1 0
2,Az OLAP-rendszerek nem relációs adatmodellen alapulnak.,igaz,hamis,,,,1 0
2,Az OLAP-rendszerek relációs adatmodellen alapulnak,igaz,hamis,,,,0 1
2,Az OLAP-rendszerek relációs adatmodellen alapulnak.,igaz,hamis,,,,0 1
2,A OLAP rendszerek többnyire írási folyamatokat végeznek.,igaz,hamis,,,,0 1
2,"OLAP rendszerekben a nyílt interneten, vagy bérelt vonali hálózaton online módon történik az adatok egyfajta valós idejű feldolgozása.",igaz,hamis,,,,1 0
2,"OLAP-nál a dice az egyik művelet, amely szeletelést ,részkocka kiválasztást, illetve projekciót és szelekciót hajt végre.",igaz,hamis,,,,1 0
2,"A klasszikus OLAP megközelítésben az adattárházak adatai nem naprakészek, csupán bizonyos késleltetéssel tükrözik a vállalat állapotát.",igaz,hamis,,,,1 0
2,"Az keresztülfúrás műveletnél az OLAP-kocka felépítéséhez használt operatív adatokhoz tudunk hozzáfűzni, amelyek már nem az OLAP rendszertől, hanem maguktól a tranzakciós adatbázisokból érkeznek.",igaz,hamis,,,,1 0
2,"Az átfúrás (drill across) műveletnél az OLAP-kocka felépítéséhez használt operatív adatokhoz tudunk hozzáfűzni, amelyek már nem az OLAP rendszertől, hanem maguktól a tranzakciós adatbázisokból érkeznek.",igaz,hamis,,,,0 1
2,"Az átfúrás (drill across) műveletnél az OLAP-kockák közötti elemzést teszi lehetővé, vagyis olyan esetekben alkalmazható, amikor több ténytábla kapcsolódik a közös dimenziós adatokhoz.",igaz,hamis,,,,1 0
2,az OLAP rendszerek jellemzően írásra vannak optimalizálva,igaz,hamis,,,,0 1
2,egy OLAP rendszer adatforrásai heterogének is lehetnek,igaz,hamis,,,,1 0
2,Az OLTP Online Transaction Processing-et jelent.,igaz,hamis,,,,1 0
2,Az OLTP mozaikszó az Online Transaction Performance szavakat jelölik.,igaz,hamis,,,,0 1
2,Az OLTP-rendszerek relációs adatmodellen alapulnak,igaz,hamis,,,,1 0
2,Az OLTP-vel az OLAP-hoz képest több műveletet és tranzakciót végeznek átlagosan óránként.,igaz,hamis,,,,1 0
2,Az RTO és RPO ertekek teljesites mellett fontos : be kell tartani a jogszabályokat.,igaz,hamis,,,,1 0
2,Az RTO és RPO használatakor a kieső időnek minimálisnak kell lennie.,igaz,hamis,,,,1 0
2,Az RTO és RPO használatakor egyszerű mechanizmusokat kell tervezni.,igaz,hamis,,,,1 0
2,Az RTO és RPO használatakor ki kell dolgozni a normál működéshez való visszatérés szabályait.,igaz,hamis,,,,1 0
2,Az RTO és RPO használatakor nem kell betartani a jogszabályokat.,igaz,hamis,,,,0 1
2,Az RTO és RPO használatakor nem kell minimalizálni a pénzügyi veszteséget.,igaz,hamis,,,,0 1
2,"Az SAP ERP Business Suite egy kis- és középvállalatokat célzó, alacsony komplexitású vállalatirányítási megoldás.",igaz,hamis,,,,0 1
2,"Az SAP ERP Business Suite egy kis- és középvállalatokat célzó, alacsony komplexitású vállalatirányítási modell.",igaz,hamis,,,,0 1
2,Az SAP ERP Business Suite elsősorban nem a kis- és középvállalatokat célzó vállalatirányítási megoldás.,igaz,hamis,,,,1 0
2,Az SAP ERP Business Suite elsősorban nem a kis- és középvállalatokat célzó vállalatirányítási megoldás.,igaz,hamis,,,,1 0
2,"Az SAP rendszerek leggyakoribb moduljai: Adatbázis, alapprogram, MM - Materials Management, PP - Production Planning.",igaz,hamis,,,,0 1
2,Az SD (Sales and Distribution) modul használata esetén legalább egy részleg (division) felvétele kötelező.,igaz,hamis,,,,1 0
2,Az SD (sales and distribution) modul használata esetén legalább egy értékesítési csatorna (distribution channel) létrehozása kötelező.,igaz,hamis,,,,0 1
2,"Az adat lényegében az információk jelentése, vagyis az információk értelmezése valamilyen (pl.: egyéni, szervezeti) tudás kontextusában.",igaz,hamis,,,,0 1
2,"Az adat olyan adat vagy ismeret, amely viselkedésünket befolyásolni képes.",igaz,hamis,,,,0 1
2,"Az adatbeviteli rendszerek, műszaki tervező rendszerek (CAD), vállalati műveleteket támogató rendszerek.",igaz,hamis,,,,1 0
2,Az adatbányász programok időigényének egy jelentős részét az adatelőkészítés lépés teszi ki.,igaz,hamis,,,,1 0
2,Az adatbányászat fő célja az analitikai modellalkotás.,igaz,hamis,,,,0 1
2,Az adatbányászatnak nem fő célja az analitikai modellalkotás.,igaz,hamis,,,,1 0
2,Az adatintegráció lényege a különböző forrásokból származó adatok egy helyre csoportosítása és azonos interfészen keresztül való hozzáférhetővé tétele.,igaz,hamis,,,,1 0
2,"Az adatminőség adatonként adható meg, és csak egy adott célra való alkalmasságot jelent.",igaz,hamis,,,,0 1
2,"Az adatminőség jellemzői közé tartozik a tartalom, a pontosság, és az időszerűség is.",igaz,hamis,,,,1 0
2,"Az adatminőség probléma összefüggésekből eredő hibáin belül vannak a DUMMY értékek. A Dummy lényege,hogy ez egy mesterséges vagy álváltozó, melynek értéke 0 vagy 1 lehet",igaz,hamis,,,,1 0
2,"A Dummy érték jelenti, ha valamelyik adatból duplikáció van jelen.",igaz,hamis,,,,0 1
2,"Összefüggésekből eredő hiba az rekordon belüli/közötti hiba, duplikáció és a „Dummy"" értékek.",igaz,hamis,,,,1 0
2,"Összefüggésekből eredő hiba a forma, értékkészleten kívül eső hiba és a matematikai helytelenség.",igaz,hamis,,,,0 1
2,"Az adatok forrásai szerint a sajtóból, hatóságoktól, piackutató cégek belső források.",igaz,hamis,,,,0 1
2,"Az adatok forrásai szerint a sajtóból, hatóságoktól, piackutató cégek külső források.",igaz,hamis,,,,1 0
2,"Az adatok forrásai szerint az eladási helyek, saját adatbankok, központok külső források.",igaz,hamis,,,,0 1
2,Az adatok tisztítása az információtartalmukból való leválasztását jelenti.,igaz,hamis,,,,0 1
2,Az adatok önmagukban nem hordoznak jelentést.,igaz,hamis,,,,1 0
2,Az adatszabványok nem szabályozzák az adat megjelenítési formáját.,igaz,hamis,,,,0 1
2,"Az adatszabványok olyan megegyezések, szabályszerűségek, amelyek az ismeretek tartalmát és megjelenítési formáját szabályozzák.",igaz,hamis,,,,1 0
2,"Az adatszabványok olyan szabályszerűségek, amelyek teljesülését elvárjuk egy adattól.",igaz,hamis,,,,1 0
2,"Az adattisztítás feladata a zaj, a redundancia és az inkonzisztencia eltávolítása a nyers adatokból, illetve a hiányos adatok valamilyen kezelése.",igaz,hamis,,,,1 0
2,Az aktív döntéstámogató rendszerek döntési vagy megoldási javaslatokat is generálnak.,igaz,hamis,,,,1 0
2,Az alkalmazásintegráció szükséges lehet az üzleti partnerek felé történő kapcsolatkialakítás esetén.,igaz,hamis,,,,1 0
2,"Az alábbi felsorolás a szervezetek kialakítását befolyásoló környezeti tényezők: piac, tudományos-technikai tényezők, szervezetközi kapcsolatok.",igaz,hamis,,,,1 0
2,"Az alábbi felsorolás a szervezetek kialakítását befolyásoló környezeti tényezők: sokféleség, vertikalitás, összetettség.",igaz,hamis,,,,0 1
2,"Az alábbi felsorolás a szervezetek kialakítását befolyásoló tagi tényezők: szakmai felkészültség, vezetési ismeretek, tekintély.",igaz,hamis,,,,1 0
2,"Az alábbi felsorolás a szervezetek kialakítását befolyásoló vállalati adottságai: méret, eredet, telepítettség.",igaz,hamis,,,,1 0
2,Az anyag törzsben (material master) rögzített alapadatok (basic data) alkalmazhatóak a teljes vállalatra (client).,igaz,hamis,,,,1 0
2,Az anyagtörzs (material master) minden beállítása releváns az anyagtervezés (material planning) szempontjából.,igaz,hamis,,,,0 1
2,Az anyagtörzs (material master) nem minden beállítása releváns az anyagtervezés (material planning) szempontjából.,igaz,hamis,,,,1 0
2,Az anyagtörzsben (material master) a retrográd kivét (backflush) beállításának hatására a készletszint mindig optimális lesz.,igaz,hamis,,,,0 1
2,"Az anyagtörzsben (material master) a retrográd kivét (backflush)beállításának hatására az anyagmozgás automatikusankönyvelődik, amikor a gyártási megbízás visszajelzésre kerül(production order confirmation)",igaz,hamis,,,,1 0
2,"Az anyagtörzsben (material master) a retrográd kivét (blackflush) beállításának hatására az anyagmozgás automatikusan könyvelődik, amikor a gyártási megbízás visszajelzésre kerül (production order confirmation).",igaz,hamis,,,,1 0
2,Az anyagtörzsben (material master) rögzített alapadatok (basic data) alkalmazhatók a teljes vállalatcsoportra (client).,igaz,hamis,,,,1 0
2,Az anyagtörzsben (material master) rögzített alapadatok (basic data) nem alkalmazhatók a teljes vállalatcsoportra (client).,igaz,hamis,,,,0 1
2,Az anyagtörzsben (material master) rögzített alapadatok (basicdata) alkalmazhatók a teljes vállalatcsoportra (client),igaz,hamis,,,,1 0
2,"Az együttműködési rendszerek, és a műszaki tervező rendszerek (CAD), nem sorolhatók a vállalati műveleteket támogató rendszerek közé.",igaz,hamis,,,,0 1
2,"Az elforgatás (pivot) művelete csak a megjelenítést érinti: arra ad lehetőséget, hogy a koordinátatengelyek sorrendjét vagy azok irányát felcseréljük.",igaz,hamis,,,,1 0
2,"Az elosztott rendszerek számos egymástól függetlenül működő, lazán csatolt alkotóelemből épülnek fel.",igaz,hamis,,,,1 0
2,"Az információ lényegében az adatok jelentése, vagyis az adatok értelmezése valamilyen tudás kontextusban.",igaz,hamis,,,,1 0
2,Az információ nem azonos az adatok halmazával.,igaz,hamis,,,,1 0
2,"Az információ olyan adat vagy ismeret, amely viselkedésünket befolyásolni képes.",igaz,hamis,,,,1 0
2,Az információnak a rendszer szempontjából nincsen kulcs szerepe az időben meghozott döntésekben.,igaz,hamis,,,,0 1
2,"Az információs rendszer célja az információk összegyűjtése úgy, hogy közben a vállalat számára egy információs többlet értéket biztosítson",igaz,hamis,,,,1 0
2,"Az információs rendszer erőforrásai: eszközök, emberek, szabványok és eljárások.",igaz,hamis,,,,1 0
2,"Az információs rendszerek alapvető feladata, hogy a döntéshozókat ellássa a vállalat működése szempontjából célszerű döntések meghozatalához szükséges információkkal.",igaz,hamis,,,,1 0
2,Az információs rendszerek különböző folyamatai minden esetben autamatizáltak.,igaz,hamis,,,,0 1
2,"Az információs rendszernek (definíciója alapján) része tárolását és szolgáltatását végző személyek, de nem része a technikai eszközök összessége.",igaz,hamis,,,,0 1
2,"Az információs rendszernek (definíciója alapján) része tárolását és szolgáltatását végző személyek, és tevékenységek és technikai eszközök összessége.",igaz,hamis,,,,1 0
2,"Az információs rendszernek CSAK az a célja, hogy a vállalat számára egy információs többlet értéket biztosításon.",igaz,hamis,,,,0 1
2,Az integrált információs rendszerek követelménye az egységes UI.,igaz,hamis,,,,1 0
2,"Az integrált vállalatirányítási rendszerek bevezetése során nem szükséges a szoftvert az adott vállalat igényeire testre szabni, mivel az integráltságból adódóan ez már korábban meg lett valósítva.",igaz,hamis,,,,0 1
2,Az integrált vállalatirányítási rendszerek bevezetése során szükséges lehet a szoftvert az adott vállalat igényeire testre szabni.,igaz,hamis,,,,1 0
2,Az inverz szabályok formai és tartalmi szabályok keverékei.,igaz,hamis,,,,0 1
2,Az objektív információfelfogás szerint az információ abszolút és semleges.,igaz,hamis,,,,1 0
2,Az objektív információfelfogás szerint az információ nem abszolút és semleges.,igaz,hamis,,,,0 1
2,"Az on-line megoldásos adathiba feltárás előnye, hogy nem költséges.",igaz,hamis,,,,0 1
2,"Az operatív rendszerek lényege az, hogy az összegyűjtött bemeneti adatokat olyan formára hozzák, amely a felhasználók számára megkönnyíti az adott helyzet megfelelő értékelését.",igaz,hamis,,,,0 1
2,"Az operatív rendszereknek nem az a lényege, hogy az összegyűjtött bemeneti adatokat olyanra formára hozzák, amely a felhasználó számára megkönnyíti az adott helyzet megfelelő értékelését.",igaz,hamis,,,,1 0
2,Az átkönyvelés (transfer posting) mindig fizikai anyagmozgással jár.,igaz,hamis,,,,0 1
2,Az átkönyvelés (transfer posting) nem jár feltétlenül fizikai anyagmozgatással.,igaz,hamis,,,,1 0
2,Az áttolás (stock transfer) mindig fizikai anyagmozgatással jár.,igaz,hamis,,,,1 0
2,Az ügyviteli rendszerek nem tartoznak az vállalati információs rendszerek közé.,igaz,hamis,,,,0 1
2,Az üzleti intelligencia kifejezetten az operatív adatbázisok intelligens működésére fókuszáló terület.,igaz,hamis,,,,1 0
2,"Az üzletiintelligencia-rendszerek a döntések meghozatalához szükséges adatok feltárását, összesítését és elemzését végző eszközök.",igaz,hamis,,,,1 0
2,Beszerzési igényből (purchase requisition) tervrendelés (planned order) képezhető.,igaz,hamis,,,,1 0
2,"Csak olyan termék értékesíthető, amelyik szerepel az anyagtörzsben",igaz,hamis,,,,1 0
2,"Csak olyan termék értékesíthető, amelyik van raktáron",igaz,hamis,,,,1 0
2,"Definíciója szerint a szervezet nem ""emberek meghatározott céllal létrejött"" csoportja.",igaz,hamis,,,,0 1
2,Döntéshozatali hierarchia és információ igény szerint a stratégiai vezetés problémaszerkezete jól strukturált.,igaz,hamis,,,,0 1
2,Döntéshozatali hierarchia és információ igény szerint az operatív vezetés problémaszerkezete jól strukturált.,igaz,hamis,,,,1 0
2,"Egy adatból gondolkodás vagy gépi feldolgozás útján új ismeretek és ezzel párhuzamosan újabb információk nyerhetđk. Egy adatnak annál nagyobb az információtartalma, minél kevésbé magától értetđdđ, azaz minél nehezebben lehet elđre kikövetkeztetni.",igaz,hamis,,,,1 0
2,Egy adatminőség felmérést követően maradhatnak fel nem tárt hibák a rendszerben.,igaz,hamis,,,,1 0
2,Egy adott művelet elvégzéséhez szükséges időt egy adottmunkaközpont (work center) határozza meg.,igaz,hamis,,,,0 1
2,Egy beszerzési szervezetet (purchasing organization) minden esetben hozzá kell rendelni egy vállalathoz (company code).,igaz,hamis,,,,0 1
2,Egy beszerzési szervezetet (purchasing organization) nem kellminden esetben hozzárendelni egy vállalathoz (company code).,igaz,hamis,,,,1 0
2,Egy beszerzési szervezetet nem kell minden esetben hozzárendelni egy vállalathoz (company code).,igaz,hamis,,,,1 0
2,Egy egysegnyi munka korulbelul 90%-os pontossagot tud produkalni.,igaz,hamis,,,,1 0
2,Egy kiszállítási pontot (shipping point) raktárhelyhez (storage location) lehet rendelni.,igaz,hamis,,,,0 1
2,Egy kiszállítási pontot (shipping point) üzemekhez (plants) lehetrendelni.,igaz,hamis,,,,1 0
2,Egy költségszámítási körhöz (controlling area) csak egy vállalat(company code) rendelhető.,igaz,hamis,,,,0 1
2,Egy költségszámítási körhöz (controlling area) több vállalat (company code) is rendelhető.,igaz,hamis,,,,1 0
2,Egy rendelési igény (purchase requisition) beszerzésimegrendelésé (purchase order) alakítható.,igaz,hamis,,,,1 0
2,Egy rendszer maga is része lehet egy nagyobb egységnek (rendszernek).,igaz,hamis,,,,1 0
2,Egy rendszer nem lehet része egy nagyobb egységnek (rendszernek).,igaz,hamis,,,,0 1
2,"Egy szervezet koordinációja, ha struktúrális, az a szabályok, szabályzatok betartását követeli meg.",igaz,hamis,,,,0 1
2,"Egy szervezetben a vezetői irányítás megléte nem fontos, sőt elhanyagolható.",igaz,hamis,,,,0 1
2,Egy szállítási rekord létrehozásakor a beszerzéshez és a könyveléshez vonatkozóan nem kell minden releváns adatot egy lépésben megadni.,igaz,hamis,,,,1 0
2,"Egy uzleti celú alkalmazas retegszerkezetenek kialakitasa soran olyan rendszerfelbontasra torekszunk, hogy miden reteg transzparens az osszes felette elhelyezkedo reteg szamara.",igaz,hamis,,,,0 1
2,"Egy vastagkliens megoldásokra épülő vállalati információs rendszer biztonsági szempontból kedvezőbb, mint egy vékonykliensre épülő.",igaz,hamis,,,,0 1
2,Egy vevőtörzs rekord (vendor master record) létrehozásakor abeszerzéshez és könyveléshez vonatkozóan minden relevánsadatot egy lépésben kell megadni.,igaz,hamis,,,,0 1
2,Egy virtuális gép formájában elérhető hardver és operációs rendszer szolgáltatás infrastruktúraszolgáltatásnak tekinthető.,igaz,hamis,,,,1 0
2,"Egy vállalatirányítási rendszer folyamattesztelésének a célja az, hogy feltárja a rendszer teljesítőképességeit a válaszidők és az átbocsátóképesség tekintetében.",igaz,hamis,,,,0 1
2,"Egy vállalatirányítási rendszer folyamattesztelésének a célja az, hogy nem a feldolgozás sebességét, hanem az üzleti folyamatok helyességét és teljességét ellenőrizzük.",igaz,hamis,,,,1 0
2,"Egy vállalatirányítási rendszer teljesítménytesztelésének célja az, hogy megvalósítja-e a specifikációban foglalt funkciókat.",igaz,hamis,,,,0 1
2,"Egy vállalatirányítási rendszer teljesítménytesztelésének célja nem az, hogy megvalósítja-e a specifikációban foglalt funkciókat.",igaz,hamis,,,,1 0
2,Egy értékesítési szervezet (sales organization) csak egy vállalathoz (company code) tartozhat.,igaz,hamis,,,,1 0
2,Egy értékesítési szervezet (sales organization) több vállalathoz (company code) is tartozhat.,igaz,hamis,,,,0 1
2,Egy üzleti alkalmazás adatelérési rétegéhez kapcsolódó szervezeti réteget mediátornak nevezzük.,igaz,hamis,,,,1 0
2,Egy üzleti alkalmazás egyes rétegei különállóan implementálhatóak.,igaz,hamis,,,,1 0
2,"Egy üzleti célú alkalmazás rétegszerkezetének kialakítása során olyan rendszer felbontásra törekszünk, hogy minden réteg csak a két közvetlen szomszédjával álljon kapcsolatban.",igaz,hamis,,,,1 0
2,"Egy üzleti célú alkalmazás rétegszerkezetének kialakítása során olyan rendszer felbontásra törekszünk, hogy minden réteg minden réteggel közvetlen kapcsolatban álljon.",igaz,hamis,,,,0 1
2,"Egy üzleti célú alkalmazás rétegszerkezetének kialakítása során olyan rendszerfelbontásra törekszünk, hogy minden réteg csak a két közvetlen szomszédjával álljon kapcsolatban.",igaz,hamis,,,,1 0
2,"Előfeldolgozásos adathiba feltárás hátránya, hogy kisebb eséllyel kerül hiba a rendszerbe.",igaz,hamis,,,,0 1
2,"Előfeldolgozásos adathiba feltárás hátránya, hogy össze kell szervezni a megfelelő alapfolyamatokkal.",igaz,hamis,,,,1 0
2,Fel lehet venni utólag is az árut eladás (raktárból kiküldéselőtt),igaz,hamis,,,,0 1
2,"Formai adatszabvány az, ami az ismeretek megjelenési formáját szabályozzák.",igaz,hamis,,,,1 0
2,Gyártási megrendelésből (production order) tervrendelés (planed order) képezhető.,igaz,hamis,,,,0 1
2,"Ha történik egy erőforrásmegszűnés, akkor RTO-n múlik, hogy mennyi idő alatt tudom helyreállítani a rendszert, illetve az RPO jelzi azt, hogy mennyi adatvesztést engedek meg.",igaz,hamis,,,,1 0
2,"Helytelen értékekről beszélünk, ha az adathibát a hibásan bevitt adatok, hibásan gyűjtött adat, adatforrás hibás, elmaradt beállítás okozza.",igaz,hamis,,,,1 0
2,"Háttérfeldolgozásos adathiba feltárás esetén előny, hogy beengedi a hibákat.",igaz,hamis,,,,0 1
2,"Háttérfeldolgozásos adathiba feltárás esetén előny, hogy bármelyik rendszerhez csatolható, átalakítás nélkül.",igaz,hamis,,,,1 0
2,"Háttérfeldolgozásos adathiba feltárás esetén előny, hogy mérhető a rendszer adatminősége.",igaz,hamis,,,,1 0
2,"Információnak nevezzük, a valóságra vonatkozó tapasztalatokat, általánosításokat, fogalmakat.",igaz,hamis,,,,0 1
2,"Információs rendszer fő összetevői: Ember (döntéshozó),Rendszerezett információ ,Technikai apparátus (HW, SW)",igaz,hamis,,,,1 0
2,"Információs rendszer technikai megközelítésből az adatok bevétele, tárolása, feldolgozása, rendelkezésre bocsátása, kiadása.",igaz,hamis,,,,1 0
2,"Információs rendszer technikai megközelítéséből az információk bevétele tárolása, feldolgozása, rendelkezésre bocsátása, kiadása.",igaz,hamis,,,,0 1
2,"Információs technológiával működő rendszerekkel szemben funkcionális követelmény a külső, belső fenyegetések elleni védelem",igaz,hamis,,,,0 1
2,Információs technológiával működő rendszerekkel szemben funkcionális követelmény a tárolás módja.,igaz,hamis,,,,1 0
2,Információs technológiával működő rendszerekkel szemben funkcionális követelmény az adatfeldolgozási feladat (algoritmusok).,igaz,hamis,,,,1 0
2,Információs technológiával működő rendszerekkel szemben funkcionális követelmény az ember gép kapcsolat módja.,igaz,hamis,,,,1 0
2,"Integrált vállalatirányítási rendszerrel kapcsolatosan követelmény, hogy jogosultágnak megfelelő hozzáférés.",igaz,hamis,,,,1 0
2,"Integrált vállalatirányítási rendszerrel kapcsolatosan nem követelmény, hogy segítse a rövid és középtávú tervezést",igaz,hamis,,,,0 1
2,"Inverz adatszabvány típus, ha helyes értékre állítjuk fel a szabályt.",igaz,hamis,,,,0 1
2,"Irányitószám, telefonszám (adatfajta kategóriában) azt jelenti, hogy csonkolással földrajzi-közIgatási körzetekre jellemző adat nyerhető.",igaz,hamis,,,,1 0
2,Jellegzetes hibás adatminőség kapcsán ködös definicióként értendő az üres érték.,igaz,hamis,,,,0 1
2,Karakteres adatfajtával minden aritmtikai művelet elvégezthető.,igaz,hamis,,,,0 1
2,"Karakteres: semmiféle művelet nem végezhető velük, adattartalommal nem összefüggő (maximum rendezni tudjuk, pl. ABC..) Pl: földrajzi nevek",igaz,hamis,,,,1 0
2,Komplex információs rendszer nem moduláris módon épül fel.,igaz,hamis,,,,0 1
2,Komplex információs rendszerek kritériuma az egy adatbázison keresztül történő információ csere.,igaz,hamis,,,,1 0
2,"Komplex információs rendszerek kritériumai közé tartozik a duplikáció kizárása, felhasználói jogosultsági rendszer, egységes user interface és a vállalati igény kielégítés.",igaz,hamis,,,,1 0
2,Komplex információs rendszereknél egységes kell hogy legyen a user interface.,igaz,hamis,,,,1 0
2,"Lineáris funkcionális szervezeti forma esetén a törzsegység szakértői véleményt alkotnak, és utasítási joguk is van.",igaz,hamis,,,,0 1
2,Lineáris szervezeti forma összetett és sok az adminisztráció.,igaz,hamis,,,,0 1
2,"Lineáris szervezeti forma: sok adminisztráció, magasak a költségek, a szervezet nem tagolható tovább szélességében és mélységében.",igaz,hamis,,,,0 1
2,"Lineáris szervezetnél: egyszerű kapcsolatok, alacsony költség.",igaz,hamis,,,,1 0
2,"Lineáris szervezetnél: egyszerű kapcsolatok, magas költségek.",igaz,hamis,,,,0 1
2,Magyarországon az előfeldolgozás az elterjedt adathiba feltárási módszer.,igaz,hamis,,,,0 1
2,Magyarországon az háttér-feldolgozásos adathiba a legelterjedtebb.,igaz,hamis,,,,1 0
2,Magyarországon nem a háttérfeldolgozásos adathiba feltárás a legjellemzőbb.,igaz,hamis,,,,0 1
2,"Mező szintű adathiba (értékkészlet, [>150év feletti életkor] )",igaz,hamis,,,,1 0
2,"Minden információ adat, de nem minden adat információ.",igaz,hamis,,,,1 0
2,Napjainkban a vállalatirányitási rendszerei jellemzően háromrétegű architektúrára épülnek,igaz,hamis,,,,1 0
2,"Olyan termék is értékesíthető, ami nem szerepel az anyagtörzsben, mivel lehetőség van annak felvitelére még a számla kiegyenlítése előtt.",igaz,hamis,,,,0 1
2,"Olyan termék is értékesíthető, mely nincs raktáron jelenleg",igaz,hamis,,,,0 1
2,Operatív működést képező feladatok: tranzakció feldolgozás.,igaz,hamis,,,,1 0
2,RPO jelentése Recovery Point objective,igaz,hamis,,,,1 0
2,RTO jelentése Recovery Time objective.,igaz,hamis,,,,1 0
2,RTP jelentese Recovery Time Protocol.,igaz,hamis,,,,1 0
2,Shipping point több üzemhez is hozzá lehet rendelve .,igaz,hamis,,,,1 0
2,Tervrendelésből (planned order) gyártási megrendelés(production order) képezhető.,igaz,hamis,,,,1 0
2,Transportation planning point csak egy üzemhez tartozhat.,igaz,hamis,,,,1 0
2,Vezetői jelentéseknél 3-4 %-os eltérés engedhető csak meg.,igaz,hamis,,,,0 1
2,Vezetőket támogató rendszerek kategóriába tartoznak a döntéstámogató rendszerek.,igaz,hamis,,,,1 0
2,"Vállalati műveleteket támogató rendszerek a Adatbeviteli rendszerek (RFID, vonalkód, QR).",igaz,hamis,,,,1 0
2,Vállalati műveleteket támogató rendszerek a műszaki tervező rendszerek (CAD),igaz,hamis,,,,1 0
2,"a vállalati alkalmazások között megvalósított integráció jellemzői eltérnek aszerint, hogy azt melyik rétegben végzik el",igaz,hamis,,,,1 0
2,egy üzleti alkalmazás adatelérési rétegéhez kapcsolódó szervezeti réteget mediátornak nevezzük,igaz,hamis,,,,1 0
2,"Üzletmenet folytonosság tervezés esetén az RTO és RPO értékek teljesítése mellett fontos, hogy egyszerű mechanizmusokat kell tervezni baj esetére.",igaz,hamis,,,,1 0
2,"Üzletmenet folytonosság tervezés esetén az RTO, és RPO értékek teljesülés mellett fontos, hogy a kieső időnek minimálisnak kell lennie.",igaz,hamis,,,,1 0
2,"Üzletmenet folytonosság tervezés esetén az RTO, és RPO értékek teljesülés mellett fontos, hogy ki kell dolgozni a normál működéshez való visszatérés szabályait.",igaz,hamis,,,,1 0
2,Üzletmenet folytonosság tervezés esetén az RTO: a katasztrófa bekövetkezése (leállás utáni) összes számítógépes alkalmazás újraindulási ideje.,igaz,hamis,,,,1 0
2,Üzletmenet folytonosság tervezés két hatékonysági mutatója az RTO és az RPO.,igaz,hamis,,,,1 0
